operation,pk,n,samples,c2_p50_ns,candidate_p50_ns,p50_ratio,c2_p95_ns,candidate_p95_ns,p95_ratio,cpu_ratio,rss_ratio
full_scan,composite,1000,20,395507,382398,0.966855,490957,462768,0.942584,0.964646,1.000446
full_scan,composite,10000,20,3715282,3690261,0.993265,3884700,3776490,0.972145,0.992734,1.004625
full_scan,composite,50000,20,19164912,19040661,0.993517,20338847,19524890,0.959980,0.995504,1.003456
full_scan,composite,100000,20,38854849,38038743,0.978996,42003773,42334732,1.007879,0.978974,1.003269
full_scan,integer,1000,20,383429,384638,1.003153,399928,395339,0.988525,1.000000,1.000000
full_scan,integer,10000,20,3756061,3631272,0.966777,3921480,3708161,0.945602,0.966995,1.004885
full_scan,integer,50000,20,18886394,18049478,0.955687,19600070,18724554,0.955331,0.956801,1.003701
full_scan,integer,100000,20,37524306,35762116,0.953039,40145823,37178609,0.926089,0.952646,1.009979
full_scan,text,1000,20,410728,410588,0.999659,416228,428948,1.030560,1.000000,1.000000
full_scan,text,10000,20,4000550,3990320,0.997443,4801934,4058759,0.845234,0.996002,1.000000
full_scan,text,50000,20,20115757,19974879,0.992997,20472495,20921464,1.021930,0.993337,1.000000
full_scan,text,100000,20,40370732,40216062,0.996169,42478240,42188292,0.993174,0.996926,1.000000
full_scan,uuid,1000,20,357978,361309,1.009305,373718,402848,1.077946,1.005571,1.000000
full_scan,uuid,10000,20,3482882,3499012,1.004631,3849501,4404678,1.144221,1.004592,1.002394
full_scan,uuid,50000,20,17589430,17717611,1.007287,18004178,18760815,1.042026,1.007276,1.003621
full_scan,uuid,100000,20,35957425,35290128,0.981442,38288143,37924044,0.990491,0.981416,1.003426
hash_diff_1,composite,1000,20,906395,687777,0.758805,934195,854815,0.915028,0.758545,1.000446
hash_diff_1,composite,10000,20,6331607,6121029,0.966742,7043574,6800136,0.965438,0.966672,1.004625
hash_diff_1,composite,50000,20,31201381,30444434,0.975740,32453924,31453349,0.969169,0.976019,1.003456
hash_diff_1,composite,100000,20,42580111,42376171,0.995210,45604564,46977188,1.030098,0.995209,1.003269
hash_diff_1,integer,1000,20,964256,730266,0.757336,1023925,740566,0.723262,0.758299,1.000000
hash_diff_1,integer,10000,20,6364398,5776472,0.907623,6656346,6047780,0.908574,0.907748,1.004885
hash_diff_1,integer,50000,20,30253316,28404156,0.938877,31794297,29482469,0.927288,0.938155,1.003701
hash_diff_1,integer,100000,20,60005812,56547718,0.942371,72011769,57916652,0.804266,0.942450,1.009979
hash_diff_1,text,1000,20,1008274,799016,0.792459,1023745,810476,0.791678,0.792659,1.000000
hash_diff_1,text,10000,20,6845954,6624436,0.967642,7082843,6870536,0.970025,0.967572,1.000000
hash_diff_1,text,50000,20,33020081,32285715,0.977760,34265776,35216581,1.027748,0.977771,1.000000
hash_diff_1,text,100000,20,61982220,62682626,1.011300,65862231,67468082,1.024382,1.011836,1.000000
hash_diff_1,uuid,1000,20,786626,642836,0.817207,934586,675016,0.722262,0.817027,1.000000
hash_diff_1,uuid,10000,20,5679081,5608491,0.987570,6016819,8508886,1.414183,0.987674,1.002394
hash_diff_1,uuid,50000,20,27942247,27829037,0.995948,28586014,30050686,1.051237,0.996812,1.003621
hash_diff_1,uuid,100000,20,56022032,56394569,1.006650,59211445,58146920,0.982022,1.006676,1.003426
hash_diff_10,composite,1000,20,2521697,1171513,0.464573,2786096,1374423,0.493315,0.464895,1.000446
hash_diff_10,composite,10000,20,8684086,6834766,0.787045,9561730,6976385,0.729615,0.788235,1.004625
hash_diff_10,composite,50000,20,34633844,31464929,0.908502,36049767,33591257,0.931802,0.907923,1.003456
hash_diff_10,composite,100000,20,64860915,61616622,0.949981,69096674,63569522,0.920008,0.949985,1.003269
hash_diff_10,integer,1000,20,1838041,1004455,0.546481,1926510,1014104,0.526394,0.546246,1.000000
hash_diff_10,integer,10000,20,9454721,6705366,0.709208,9648561,7083924,0.734195,0.709599,1.004885
hash_diff_10,integer,50000,20,33591629,29369620,0.874314,34296745,29914517,0.872226,0.874312,1.003701
hash_diff_10,integer,100000,20,63966910,57390523,0.897191,68031570,61002256,0.896676,0.897009,1.009979
hash_diff_10,text,1000,20,2370019,1225872,0.517241,2436238,1237704,0.508039,0.517300,1.000000
hash_diff_10,text,10000,20,9866780,7582562,0.768494,10359346,7843510,0.757143,0.768319,1.000000
hash_diff_10,text,50000,20,36172935,33402210,0.923403,36619093,36325534,0.991983,0.923760,1.000000
hash_diff_10,text,100000,20,68483808,67106653,0.979891,73759810,67835080,0.919675,0.979659,1.000000
hash_diff_10,uuid,1000,20,2019930,1013046,0.501525,2095740,1063284,0.507355,0.501485,1.000000
hash_diff_10,uuid,10000,20,8322228,6516716,0.783049,8944384,7922350,0.885735,0.782865,1.002394
hash_diff_10,uuid,50000,20,30494784,28823093,0.945181,32328915,30422485,0.941030,0.945268,1.003621
hash_diff_10,uuid,100000,20,59344955,57096384,0.962110,64140349,58665687,0.914646,0.962671,1.003426
hash_diff_1pct,composite,1000,20,2516476,1182693,0.469980,2719056,1249033,0.459363,0.469793,1.000446
hash_diff_1pct,composite,10000,20,20855693,10726445,0.514317,22374896,12649976,0.565365,0.514288,1.004625
hash_diff_1pct,composite,50000,20,106467947,54564018,0.512492,112176537,55939672,0.498675,0.512588,1.003456
hash_diff_1pct,composite,100000,20,207210191,106286942,0.512943,210631855,110799209,0.526033,0.512868,1.003269
hash_diff_1pct,integer,1000,20,1833790,1008085,0.549728,1874182,1035025,0.552254,0.549618,1.000000
hash_diff_1pct,integer,10000,20,22144516,10554157,0.476604,23107762,11780910,0.509825,0.476586,1.004885
hash_diff_1pct,integer,50000,20,106609376,51539476,0.483442,108869724,54775071,0.503125,0.483366,1.003701
hash_diff_1pct,integer,100000,20,213185170,102847998,0.482435,220117185,107741265,0.489472,0.482671,1.009979
hash_diff_1pct,text,1000,20,2371798,1231553,0.519249,2385337,1573182,0.659522,0.519393,1.000000
hash_diff_1pct,text,10000,20,22182886,11618931,0.523779,23159762,12657645,0.546536,0.523779,1.000000
hash_diff_1pct,text,50000,20,113603170,58248712,0.512738,118398896,63130917,0.533205,0.512686,1.000000
hash_diff_1pct,text,100000,20,227439616,117889622,0.518334,233465947,138677715,0.593995,0.518460,1.000000
hash_diff_1pct,uuid,1000,20,2018910,1022715,0.506568,2108970,1112285,0.527407,0.506686,1.000000
hash_diff_1pct,uuid,10000,20,19477070,10024169,0.514665,21017593,10656736,0.507039,0.515029,1.002394
hash_diff_1pct,uuid,50000,20,97424402,49884445,0.512032,98849006,51733016,0.523354,0.511830,1.003621
hash_diff_1pct,uuid,100000,20,197121244,100633240,0.510514,210881393,106948698,0.507151,0.510722,1.003426
insert_rebuild_model,composite,1000,20,670407,1185484,1.768305,844186,1328463,1.573661,1.766021,1.000446
insert_rebuild_model,composite,10000,20,6311897,11492281,1.820733,6569986,11829220,1.800494,1.820817,1.004625
insert_rebuild_model,composite,50000,20,31528488,56816077,1.802055,33172181,60336339,1.818884,1.802081,1.003456
insert_rebuild_model,composite,100000,20,62639307,113171607,1.806719,66033350,117584375,1.780682,1.807608,1.003269
insert_rebuild_model,integer,1000,20,548537,1009004,1.839446,606806,1035835,1.707028,1.841241,1.000000
insert_rebuild_model,integer,10000,20,5233143,9892220,1.890302,6158639,10044889,1.631024,1.889738,1.004885
insert_rebuild_model,integer,50000,20,27533460,49987084,1.815503,29270960,51588048,1.762431,1.815567,1.003701
insert_rebuild_model,integer,100000,20,56233870,100106584,1.780183,65861100,104156203,1.581453,1.780383,1.009979
insert_rebuild_model,text,1000,20,557568,1050044,1.883257,574787,1143444,1.989335,1.881720,1.000000
insert_rebuild_model,text,10000,20,5422051,10343338,1.907643,6011149,10544676,1.754186,1.905754,1.000000
insert_rebuild_model,text,50000,20,28312166,51753525,1.827961,30078316,53867906,1.790922,1.828957,1.000000
insert_rebuild_model,text,100000,20,56937886,105739045,1.857095,58076990,109614755,1.887404,1.857251,1.000000
insert_rebuild_model,uuid,1000,20,592297,1098444,1.854549,660706,1206094,1.825462,1.856419,1.000000
insert_rebuild_model,uuid,10000,20,5706351,10686166,1.872679,8337168,12383927,1.485388,1.872613,1.002394
insert_rebuild_model,uuid,50000,20,29006602,52651382,1.815152,30639503,54830970,1.789552,1.815523,1.003621
insert_rebuild_model,uuid,100000,20,58988826,106444201,1.804481,61189495,108493151,1.773068,1.804489,1.003426
merge_1,composite,1000,20,1827651,1387394,0.759113,1962280,1608742,0.819833,0.759168,1.000446
merge_1,composite,10000,20,12652566,12167258,0.961644,13830519,13289422,0.960877,0.961584,1.004625
merge_1,composite,50000,20,62296322,61099594,0.980790,67670524,64131030,0.947695,0.980826,1.003456
merge_1,composite,100000,20,85887737,84342615,0.982010,89026642,89008552,0.999797,0.981871,1.003269
merge_1,integer,1000,20,1917390,1455603,0.759159,2043160,1518301,0.743114,0.758998,1.000000
merge_1,integer,10000,20,12667505,11511821,0.908768,13119693,11709830,0.892538,0.908660,1.004885
merge_1,integer,50000,20,60129093,56721451,0.943328,64340311,57984864,0.901221,0.943003,1.003701
merge_1,integer,100000,20,120072880,113665234,0.946635,126927406,118529529,0.933837,0.946829,1.009979
merge_1,text,1000,20,2011940,1588242,0.789408,2032590,1932650,0.950831,0.789264,1.000000
merge_1,text,10000,20,13659390,13148073,0.962567,17556680,14868284,0.846873,0.963359,1.000000
merge_1,text,50000,20,65559076,64637531,0.985943,68208012,70762629,1.037453,0.985631,1.000000
merge_1,text,100000,20,124723408,125199825,1.003820,134720396,134641276,0.999413,1.003849,1.000000
merge_1,uuid,1000,20,1568892,1275264,0.812844,1642562,1372793,0.835763,0.812620,1.000000
merge_1,uuid,10000,20,11455492,11096934,0.968700,12595527,12331977,0.979076,0.968657,1.002394
merge_1,uuid,50000,20,55872835,55863785,0.999838,57191398,62547320,1.093649,0.999910,1.003621
merge_1,uuid,100000,20,112264381,112690148,1.003793,123717813,115420945,0.932937,1.003733,1.003426
merge_10,composite,1000,20,4990805,2392687,0.479419,5371492,2753506,0.512615,0.479359,1.000446
merge_10,composite,10000,20,17236252,13703000,0.795010,18019098,14464526,0.802733,0.794583,1.004625
merge_10,composite,50000,20,68677270,63221457,0.920559,73938122,66755247,0.902853,0.920553,1.003456
merge_10,composite,100000,20,129374673,123973471,0.958251,144020189,129265453,0.897551,0.958307,1.003269
merge_10,integer,1000,20,3680851,1997450,0.542660,3765430,2070509,0.549873,0.542516,1.000000
merge_10,integer,10000,20,18838264,13461592,0.714588,19997027,13606090,0.680406,0.714566,1.004885
merge_10,integer,50000,20,67135558,58640832,0.873469,68870088,59850295,0.869032,0.873475,1.003701
merge_10,integer,100000,20,127232854,116784437,0.917880,128919896,122886707,0.953202,0.918149,1.009979
merge_10,text,1000,20,4754536,2485177,0.522696,4809236,3433903,0.714023,0.522718,1.000000
merge_10,text,10000,20,19617939,15137763,0.771629,21809908,15872289,0.727756,0.771564,1.000000
merge_10,text,50000,20,73186826,66546181,0.909264,79136866,72510750,0.916270,0.909295,1.000000
merge_10,text,100000,20,138099148,134143079,0.971353,144838203,146333625,1.010325,0.970999,1.000000
merge_10,uuid,1000,20,4077519,2070610,0.507811,4189239,2521227,0.601834,0.507972,1.000000
merge_10,uuid,10000,20,16621035,12928864,0.777862,18909244,14454726,0.764426,0.777798,1.002394
merge_10,uuid,50000,20,60726390,57333607,0.944130,61774636,60642700,0.981676,0.943764,1.003621
merge_10,uuid,100000,20,119243165,114560229,0.960728,125197455,117941402,0.942043,0.960751,1.003426
merge_1pct,composite,1000,20,5058343,2363528,0.467253,6035079,2595287,0.430034,0.467378,1.000446
merge_1pct,composite,10000,20,41715028,21383540,0.512610,45075061,22042388,0.489015,0.512095,1.004625
merge_1pct,composite,50000,20,210104858,107905873,0.513581,218925152,110733928,0.505807,0.513567,1.003456
merge_1pct,composite,100000,20,415020840,212998431,0.513223,426901049,218757383,0.512431,0.513291,1.003269
merge_1pct,integer,1000,20,3676952,2000089,0.543953,3899710,2039829,0.523072,0.544070,1.000000
merge_1pct,integer,10000,20,44426443,21205282,0.477312,45740017,22987642,0.502572,0.477390,1.004885
merge_1pct,integer,50000,20,212708354,102443638,0.481615,220045367,110792995,0.503501,0.481441,1.003701
merge_1pct,integer,100000,20,426512752,202854644,0.475612,437453405,204423077,0.467303,0.475797,1.009979
merge_1pct,text,1000,20,4763776,2480527,0.520706,4801895,2561417,0.533418,0.521227,1.000000
merge_1pct,text,10000,20,44753952,23355612,0.521867,50019895,24868643,0.497175,0.521507,1.000000
merge_1pct,text,50000,20,226062207,115482601,0.510844,230209475,119641079,0.519705,0.510745,1.000000
merge_1pct,text,100000,20,451370764,234304262,0.519095,473985796,244413609,0.515656,0.519117,1.000000
merge_1pct,uuid,1000,20,4085630,2042990,0.500043,4574187,2658886,0.581281,0.500122,1.000000
merge_1pct,uuid,10000,20,39275399,20324046,0.517475,44110875,24313435,0.551189,0.516964,1.002394
merge_1pct,uuid,50000,20,193612692,99057224,0.511626,201869090,109937049,0.544596,0.511568,1.003621
merge_1pct,uuid,100000,20,392064479,200178518,0.510576,417259439,204157827,0.489283,0.510683,1.003426
missing_point,composite,1000,20,43740,44049,1.007064,64170,55809,0.869705,1.000000,1.000446
missing_point,composite,10000,20,57539,56829,0.987661,69210,68890,0.995376,0.982759,1.004625
missing_point,composite,50000,20,99339,100390,1.010580,108589,109169,1.005341,1.010000,1.003456
missing_point,composite,100000,20,92539,93580,1.011249,106239,104609,0.984657,1.021739,1.003269
missing_point,integer,1000,20,31440,31600,1.005089,44740,31990,0.715020,1.000000,1.000000
missing_point,integer,10000,20,29090,29730,1.022001,29950,33840,1.129883,1.034483,1.004885
missing_point,integer,50000,20,40950,41309,1.008767,50659,52969,1.045599,1.000000,1.003701
missing_point,integer,100000,20,116990,110959,0.948449,133110,121449,0.912396,0.948718,1.009979
missing_point,text,1000,20,28499,28910,1.014422,29550,38320,1.296785,1.000000,1.000000
missing_point,text,10000,20,43670,44129,1.010511,53309,45550,0.854452,1.000000,1.000000
missing_point,text,50000,20,64011,63929,0.998719,90840,66440,0.731396,1.000000,1.000000
missing_point,text,100000,20,40450,41150,1.017305,45040,48009,1.065919,1.000000,1.000000
missing_point,uuid,1000,20,42739,43071,1.007768,51620,60390,1.169895,1.000000,1.000000
missing_point,uuid,10000,20,49230,46309,0.940666,62780,66819,1.064336,0.959184,1.002394
missing_point,uuid,50000,20,107310,109950,1.024602,118209,125630,1.062779,1.028037,1.003621
missing_point,uuid,100000,20,116249,117709,1.012559,134159,135679,1.011330,1.008547,1.003426
mutate_1pct,composite,1000,20,1095254,1165114,1.063784,1513582,1355154,0.895329,1.063927,1.000446
mutate_1pct,composite,10000,20,9480781,10422197,1.099297,10290247,10951044,1.064216,1.099135,1.004625
mutate_1pct,composite,50000,20,47240969,52147953,1.103871,48363954,53614204,1.108557,1.103469,1.003456
mutate_1pct,composite,100000,20,93230020,103401317,1.109099,97602337,106934869,1.095618,1.109106,1.003269
mutate_1pct,integer,1000,20,767696,849846,1.107009,943795,858304,0.909418,1.108214,1.000000
mutate_1pct,integer,10000,20,9358282,10060749,1.075064,10204488,10718595,1.050380,1.075591,1.004885
mutate_1pct,integer,50000,20,45716587,49116770,1.074375,48632802,53333297,1.096653,1.074513,1.003701
mutate_1pct,integer,100000,20,90421464,97894455,1.082646,95271399,107661145,1.130047,1.082792,1.009979
mutate_1pct,text,1000,20,992265,1086734,1.095205,1005715,1113144,1.106819,1.095766,1.000000
mutate_1pct,text,10000,20,9490491,10467476,1.102944,13519530,11018374,0.814997,1.102940,1.000000
mutate_1pct,text,50000,20,48244625,52947530,1.097480,52587491,59112978,1.124088,1.097171,1.000000
mutate_1pct,text,100000,20,97045679,108052112,1.113415,98213054,111910704,1.139469,1.113529,1.000000
mutate_1pct,uuid,1000,20,911186,1005435,1.103436,966755,1241163,1.283844,1.104281,1.000000
mutate_1pct,uuid,10000,20,8947635,10016819,1.119493,10181098,15134494,1.486529,1.119593,1.002394
mutate_1pct,uuid,50000,20,44329464,49085909,1.107298,47084470,51642936,1.096815,1.106858,1.003621
mutate_1pct,uuid,100000,20,89289110,100064905,1.120684,92714523,104861550,1.131015,1.121570,1.003426
point,composite,1000,20,53950,47209,0.875051,81710,62180,0.760984,0.870370,1.000446
point,composite,10000,20,91660,94549,1.031519,102040,106859,1.047227,1.021978,1.004625
point,composite,50000,20,193660,201929,1.042699,205438,222479,1.082950,1.046875,1.003456
point,composite,100000,20,267218,263489,0.986045,297139,295989,0.996130,0.988679,1.003269
point,integer,1000,20,63760,62089,0.973792,75199,74640,0.992566,0.984127,1.000000
point,integer,10000,20,97449,87900,0.902010,118150,98669,0.835116,0.886598,1.004885
point,integer,50000,20,174339,173288,0.993972,195218,190489,0.975776,0.988439,1.003701
point,integer,100000,20,217168,235938,1.086431,242019,270149,1.116231,1.088372,1.009979
point,text,1000,20,63700,62889,0.987268,72929,69279,0.949951,0.984375,1.000000
point,text,10000,20,77080,82350,1.068371,98339,92259,0.938173,1.065789,1.000000
point,text,50000,20,131300,137560,1.047677,168379,163019,0.968167,1.038462,1.000000
point,text,100000,20,234609,259869,1.107669,293279,297058,1.012885,1.107296,1.000000
point,uuid,1000,20,52459,52431,0.999466,66129,72439,1.095420,1.019231,1.000000
point,uuid,10000,20,94950,90800,0.956293,118869,137459,1.156391,0.957447,1.002394
point,uuid,50000,20,148229,146039,0.985226,170649,183409,1.074773,0.979592,1.003621
point,uuid,100000,20,214269,221970,1.035941,253188,253779,1.002334,1.037736,1.003426
range_100,composite,1000,20,97800,91409,0.934652,134999,123829,0.917259,0.928571,1.000446
range_100,composite,10000,20,115780,116299,1.004483,125509,127509,1.015935,1.008621,1.004625
range_100,composite,50000,20,161319,163749,1.015063,176299,179838,1.020074,1.012346,1.003456
range_100,composite,100000,20,98690,99760,1.010842,107480,107520,1.000372,1.020408,1.003269
range_100,integer,1000,20,115380,117999,1.022699,133230,126370,0.948510,1.017241,1.000000
range_100,integer,10000,20,129740,114480,0.882380,135869,123340,0.907786,0.891473,1.004885
range_100,integer,50000,20,86859,87840,1.011294,90429,94880,1.049221,1.011494,1.003701
range_100,integer,100000,20,186530,184550,0.989385,198690,206169,1.037642,0.989305,1.009979
range_100,text,1000,20,62200,64090,1.030386,69060,85860,1.243267,1.032258,1.000000
range_100,text,10000,20,98159,100040,1.019163,113089,108529,0.959678,1.020408,1.000000
range_100,text,50000,20,90380,91389,1.011164,126749,92509,0.729860,1.010989,1.000000
range_100,text,100000,20,116590,114679,0.983609,127559,129049,1.011681,0.982906,1.000000
range_100,uuid,1000,20,87580,89069,1.017002,94891,116039,1.222866,1.011364,1.000000
range_100,uuid,10000,20,62930,61490,0.977117,70181,87379,1.245052,0.984127,1.002394
range_100,uuid,50000,20,137419,138099,1.004948,177288,147738,0.833322,1.007299,1.003621
range_100,uuid,100000,20,105359,102729,0.975038,136360,127401,0.934299,0.962264,1.003426
update_one,composite,1000,20,408858,410498,1.004011,463587,502178,1.083244,1.004890,1.000446
update_one,composite,10000,20,2906226,2935515,1.010078,3036454,2998825,0.987608,1.009979,1.004625
update_one,composite,50000,20,13936628,13725311,0.984837,14263877,13912739,0.975383,0.984783,1.003456
update_one,composite,100000,20,19278521,19175002,0.994630,22000087,20476365,0.930740,0.994502,1.003269
update_one,integer,1000,20,424278,437367,1.030850,491687,459897,0.935345,1.028235,1.000000
update_one,integer,10000,20,2916235,2784326,0.954767,2978784,2927734,0.982862,0.954390,1.004885
update_one,integer,50000,20,13484841,12881964,0.955292,16172456,15417331,0.953308,0.955213,1.003701
update_one,integer,100000,20,26554693,25407019,0.956781,27276759,26086335,0.956358,0.957490,1.009979
update_one,text,1000,20,455187,469848,1.032209,465877,489157,1.049970,1.032967,1.000000
update_one,text,10000,20,3172025,3221914,1.015728,4671916,3329762,0.712719,1.014502,1.000000
update_one,text,50000,20,15142923,15008115,0.991098,15635120,15327361,0.980316,0.991019,1.000000
update_one,text,100000,20,28602703,28652262,1.001733,29944567,32169064,1.074287,1.001783,1.000000
update_one,uuid,1000,20,389219,404258,1.038639,400028,441308,1.103193,1.038560,1.000000
update_one,uuid,10000,20,2647077,2688096,1.015496,3420323,3709191,1.084456,1.015106,1.002394
update_one,uuid,50000,20,12380006,12403487,1.001897,13125833,12685395,0.966445,1.002424,1.003621
update_one,uuid,100000,20,24763882,24863641,1.004028,29169239,26244175,0.899721,1.004241,1.003426
# OLTP_P50_GEOMEAN_RATIO=1.012937170
# VCS_P50_GEOMEAN_RATIO=0.707859630
