backend,operation,pk,n,geometry,samples,wall_p50_ns,wall_p95_ns,cpu_p50_ns,cpu_p95_ns,rss_max_kb,read_objects_p50,read_bytes_p50,writes_p50,write_bytes_p50,object_bytes_p50,settled_bytes_p50
model,branch_snapshot,composite,1000,c2_slotted,20,0,0,0,0,17468,0,0,1,78,117006,0
model,branch_snapshot,composite,1000,crit_bit,20,0,0,0,0,19904,0,0,1,78,423215,0
model,branch_snapshot,composite,10000,c2_slotted,20,0,0,0,0,52152,0,0,1,78,1145868,0
model,branch_snapshot,composite,10000,crit_bit,20,0,0,0,0,79324,0,0,1,78,4233699,0
model,branch_snapshot,composite,50000,c2_slotted,20,0,0,0,0,205644,0,0,1,78,5734258,0
model,branch_snapshot,composite,100000,c2_slotted,20,0,0,0,0,393272,0,0,1,78,11468707,0
model,branch_snapshot,integer,1000,c2_slotted,20,0,0,0,0,17380,0,0,1,78,94541,0
model,branch_snapshot,integer,1000,crit_bit,20,0,0,0,0,19688,0,0,1,78,326138,0
model,branch_snapshot,integer,10000,c2_slotted,20,0,0,0,0,49424,0,0,1,78,942143,0
model,branch_snapshot,integer,10000,crit_bit,20,0,0,0,0,75108,0,0,1,78,3268216,0
model,branch_snapshot,integer,50000,c2_slotted,20,0,0,0,0,190588,0,0,1,78,4704661,0
model,branch_snapshot,integer,50000,crit_bit,20,0,0,0,0,320908,0,0,1,78,16344388,0
model,branch_snapshot,integer,100000,c2_slotted,20,0,0,0,0,367028,0,0,1,78,9415333,0
model,branch_snapshot,integer,100000,crit_bit,20,0,0,0,0,628392,0,0,1,78,32858949,0
model,branch_snapshot,text,1000,c2_slotted,20,0,0,0,0,17256,0,0,1,78,97616,0
model,branch_snapshot,text,1000,crit_bit,20,0,0,0,0,19772,0,0,1,78,340064,0
model,branch_snapshot,text,10000,c2_slotted,20,0,0,0,0,49976,0,0,1,78,970785,0
model,branch_snapshot,text,10000,crit_bit,20,0,0,0,0,75708,0,0,1,78,3422337,0
model,branch_snapshot,text,50000,c2_slotted,20,0,0,0,0,194964,0,0,1,78,4852645,0
model,branch_snapshot,text,50000,crit_bit,20,0,0,0,0,325220,0,0,1,78,17202615,0
model,branch_snapshot,text,100000,c2_slotted,20,0,0,0,0,371520,0,0,1,78,9702123,0
model,branch_snapshot,text,100000,crit_bit,20,0,0,0,0,636440,0,0,1,78,34427666,0
model,branch_snapshot,uuid,1000,c2_slotted,20,0,0,0,0,16940,0,0,1,78,112220,0
model,branch_snapshot,uuid,1000,crit_bit,20,0,0,0,0,19624,0,0,1,78,376033,0
model,branch_snapshot,uuid,10000,c2_slotted,20,0,0,0,0,49692,0,0,1,78,1113180,0
model,branch_snapshot,uuid,10000,crit_bit,20,0,0,0,0,76668,0,0,1,78,3760753,0
model,branch_snapshot,uuid,50000,c2_slotted,20,0,0,0,0,193076,0,0,1,78,5547342,0
model,branch_snapshot,uuid,50000,crit_bit,20,0,0,0,0,329648,0,0,1,78,18786825,0
model,branch_snapshot,uuid,100000,c2_slotted,20,0,0,0,0,373004,0,0,1,78,11101162,0
model,branch_snapshot,uuid,100000,crit_bit,20,0,0,0,0,646628,0,0,1,78,37549580,0
model,build,composite,1000,c2_slotted,1,4884205,4884205,4882000,4882000,14268,0,0,104,117006,117006,0
model,build,composite,1000,crit_bit,1,35153121,35153121,35108000,35108000,15040,0,0,1999,423215,423215,0
model,build,composite,10000,c2_slotted,1,27113284,27113284,27113000,27113000,22572,0,0,987,1145868,1145868,0
model,build,composite,10000,crit_bit,1,165742302,165742302,165714000,165714000,32020,0,0,19999,4233699,4233699,0
model,build,composite,50000,c2_slotted,1,96685204,96685204,96662000,96662000,58740,0,0,4955,5734258,5734258,0
model,build,composite,100000,c2_slotted,1,188155765,188155765,188157000,188157000,103820,0,0,9886,11468707,11468707,0
model,build,integer,1000,c2_slotted,1,4177309,4177309,4177000,4177000,14308,0,0,91,94541,94541,0
model,build,integer,1000,crit_bit,1,35158313,35158313,35160000,35160000,15080,0,0,1999,326138,326138,0
model,build,integer,10000,c2_slotted,1,28611197,28611197,28610000,28610000,21564,0,0,883,942143,942143,0
model,build,integer,10000,crit_bit,1,153909576,153909576,153888000,153888000,30776,0,0,19999,3268216,3268216,0
model,build,integer,50000,c2_slotted,1,85863979,85863979,85846000,85846000,54280,0,0,4382,4704661,4704661,0
model,build,integer,50000,crit_bit,1,753958568,753958568,753864000,753864000,99484,0,0,99999,16344388,16344388,0
model,build,integer,100000,c2_slotted,1,164678983,164678983,164664000,164664000,94956,0,0,8763,9415333,9415333,0
model,build,integer,100000,crit_bit,1,1512609461,1512609461,1512282000,1512282000,185360,0,0,199999,32858949,32858949,0
model,build,text,1000,c2_slotted,1,4447728,4447728,4446000,4446000,14184,0,0,102,97616,97616,0
model,build,text,1000,crit_bit,1,34368606,34368606,34368000,34368000,15164,0,0,1999,340064,340064,0
model,build,text,10000,c2_slotted,1,28891435,28891435,28890000,28890000,21924,0,0,972,970785,970785,0
model,build,text,10000,crit_bit,1,163280124,163280124,163252000,163252000,30992,0,0,19999,3422337,3422337,0
model,build,text,50000,c2_slotted,1,87234572,87234572,87236000,87236000,55176,0,0,4865,4852645,4852645,0
model,build,text,50000,crit_bit,1,765811744,765811744,765730000,765730000,101784,0,0,99999,17202615,17202615,0
model,build,text,100000,c2_slotted,1,177209967,177209967,177186000,177186000,96840,0,0,9719,9702123,9702123,0
model,build,text,100000,crit_bit,1,1545099963,1545099963,1544949000,1544949000,189964,0,0,199999,34427666,34427666,0
model,build,uuid,1000,c2_slotted,1,4899876,4899876,4898000,4898000,13868,0,0,97,112220,112220,0
model,build,uuid,1000,crit_bit,1,34910093,34910093,34909000,34909000,14888,0,0,1999,376033,376033,0
model,build,uuid,10000,c2_slotted,1,20370779,20370779,20350000,20350000,21836,0,0,938,1113180,1113180,0
model,build,uuid,10000,crit_bit,1,160766286,160766286,160743000,160743000,31124,0,0,19999,3760753,3760753,0
model,build,uuid,50000,c2_slotted,1,97741839,97741839,97731000,97731000,54796,0,0,4661,5547342,5547342,0
model,build,uuid,50000,crit_bit,1,763562337,763562337,763421000,763421000,102028,0,0,99999,18786825,18786825,0
model,build,uuid,100000,c2_slotted,1,194385483,194385483,194347000,194347000,96432,0,0,9350,11101162,11101162,0
model,build,uuid,100000,crit_bit,1,1543457570,1543457570,1543274000,1543274000,192076,0,0,199999,37549580,37549580,0
model,full_scan,composite,1000,c2_slotted,20,818496,842896,819000,844000,17468,104,117006,0,0,117006,0
model,full_scan,composite,1000,crit_bit,20,4785026,4912955,4785000,4915000,19904,1999,423215,0,0,423215,0
model,full_scan,composite,10000,c2_slotted,20,8317069,8967504,8318000,8969000,52152,987,1145868,0,0,1145868,0
model,full_scan,composite,10000,crit_bit,20,51592289,56553314,51595000,56537000,79324,19999,4233699,0,0,4233699,0
model,full_scan,composite,50000,c2_slotted,20,42777226,45632170,42780000,45597000,205644,4955,5734258,0,0,5734258,0
model,full_scan,composite,100000,c2_slotted,20,88496665,101626738,88459000,101613000,393272,9886,11468707,0,0,11468707,0
model,full_scan,integer,1000,c2_slotted,20,714515,749466,714000,750000,17380,91,94541,0,0,94541,0
model,full_scan,integer,1000,crit_bit,20,4617816,4771006,4618000,4772000,19688,1999,326138,0,0,326138,0
model,full_scan,integer,10000,c2_slotted,20,7261934,7521182,7263000,7523000,49424,883,942143,0,0,942143,0
model,full_scan,integer,10000,crit_bit,20,49565051,52488626,49569000,52491000,75108,19999,3268216,0,0,3268216,0
model,full_scan,integer,50000,c2_slotted,20,37672212,41704221,37675000,41681000,190588,4382,4704661,0,0,4704661,0
model,full_scan,integer,50000,crit_bit,20,262904767,279659633,262842000,279629000,320908,99999,16344388,0,0,16344388,0
model,full_scan,integer,100000,c2_slotted,20,74731225,79357821,74721000,79342000,367028,8763,9415333,0,0,9415333,0
model,full_scan,integer,100000,crit_bit,20,551909774,568765329,551791000,568620000,628392,199999,32858949,0,0,32858949,0
model,full_scan,text,1000,c2_slotted,20,777447,790405,778000,791000,17256,102,97616,0,0,97616,0
model,full_scan,text,1000,crit_bit,20,4665717,4967694,4666000,4968000,19772,1999,340064,0,0,340064,0
model,full_scan,text,10000,c2_slotted,20,8003050,8797035,8004000,8798000,49976,972,970785,0,0,970785,0
model,full_scan,text,10000,crit_bit,20,49118262,50926103,49101000,50900000,75708,19999,3422337,0,0,3422337,0
model,full_scan,text,50000,c2_slotted,20,42096168,48228058,42079000,48213000,194964,4865,4852645,0,0,4852645,0
model,full_scan,text,50000,crit_bit,20,264374612,275554506,264363000,275512000,325220,99999,17202615,0,0,17202615,0
model,full_scan,text,100000,c2_slotted,20,83517280,86746173,83501000,86730000,371520,9719,9702123,0,0,9702123,0
model,full_scan,text,100000,crit_bit,20,561549079,578981951,561456000,578839000,636440,199999,34427666,0,0,34427666,0
model,full_scan,uuid,1000,c2_slotted,20,793277,951506,793000,953000,16940,97,112220,0,0,112220,0
model,full_scan,uuid,1000,crit_bit,20,4076569,4243478,4077000,4243000,19624,1999,376033,0,0,376033,0
model,full_scan,uuid,10000,c2_slotted,20,7730000,7921910,7732000,7922000,49692,938,1113180,0,0,1113180,0
model,full_scan,uuid,10000,crit_bit,20,44052727,48409995,44054000,48374000,76668,19999,3760753,0,0,3760753,0
model,full_scan,uuid,50000,c2_slotted,20,38840375,39845759,38826000,39830000,193076,4661,5547342,0,0,5547342,0
model,full_scan,uuid,50000,crit_bit,20,244241834,265160678,244206000,265098000,329648,99999,18786825,0,0,18786825,0
model,full_scan,uuid,100000,c2_slotted,20,78858713,83714219,78763000,83699000,373004,9350,11101162,0,0,11101162,0
model,full_scan,uuid,100000,crit_bit,20,505397132,579445738,505269000,579320000,646628,199999,37549580,0,0,37549580,0
model,hash_diff_1,composite,1000,c2_slotted,20,800646,897266,800000,897000,17468,94,112086,0,0,117006,0
model,hash_diff_1,composite,1000,crit_bit,20,229349,251119,228000,250000,19904,74,16258,0,0,423215,0
model,hash_diff_1,composite,10000,c2_slotted,20,1076394,1179175,1075000,1177000,52152,112,156148,0,0,1145868,0
model,hash_diff_1,composite,10000,crit_bit,20,331119,373778,329000,370000,79324,92,20270,0,0,4233699,0
model,hash_diff_1,composite,50000,c2_slotted,20,1520482,1790730,1519000,1788000,205644,144,189698,0,0,5734258,0
model,hash_diff_1,composite,100000,c2_slotted,20,1661502,1768521,1660000,1767000,393272,134,191190,0,0,11468707,0
model,hash_diff_1,integer,1000,c2_slotted,20,881435,891146,881000,891000,17380,112,118620,0,0,94541,0
model,hash_diff_1,integer,1000,crit_bit,20,185869,228069,185000,227000,19688,62,8734,0,0,326138,0
model,hash_diff_1,integer,10000,c2_slotted,20,1305444,1346024,1305000,1344000,49424,148,182692,0,0,942143,0
model,hash_diff_1,integer,10000,crit_bit,20,286649,334447,285000,332000,75108,86,12036,0,0,3268216,0
model,hash_diff_1,integer,50000,c2_slotted,20,1813370,1849151,1812000,1846000,190588,172,240128,0,0,4704661,0
model,hash_diff_1,integer,50000,crit_bit,20,394188,430488,391000,429000,320908,98,13750,0,0,16344388,0
model,hash_diff_1,integer,100000,c2_slotted,20,2026389,2262899,2025000,2262000,367028,186,252964,0,0,9415333,0
model,hash_diff_1,integer,100000,crit_bit,20,445107,461298,443000,458000,628392,104,14600,0,0,32858949,0
model,hash_diff_1,text,1000,c2_slotted,20,584937,602176,585000,601000,17256,76,72930,0,0,97616,0
model,hash_diff_1,text,1000,crit_bit,20,205410,254109,205000,254000,19772,74,10962,0,0,340064,0
model,hash_diff_1,text,10000,c2_slotted,20,1102634,1257904,1102000,1257000,49976,120,141092,0,0,970785,0
model,hash_diff_1,text,10000,crit_bit,20,327189,372138,325000,370000,75708,98,14480,0,0,3422337,0
model,hash_diff_1,text,50000,c2_slotted,20,2170349,2543547,2168000,2542000,194964,160,197140,0,0,4852645,0
model,hash_diff_1,text,50000,crit_bit,20,472018,489018,470000,487000,325220,116,17352,0,0,17202615,0
model,hash_diff_1,text,100000,c2_slotted,20,2789026,3050415,2788000,3049000,371520,180,223828,0,0,9702123,0
model,hash_diff_1,text,100000,crit_bit,20,423638,444809,422000,442000,636440,98,14730,0,0,34427666,0
model,hash_diff_1,uuid,1000,c2_slotted,20,839906,1068435,839000,1068000,16940,94,118564,0,0,112220,0
model,hash_diff_1,uuid,1000,crit_bit,20,101080,137660,100000,138000,19624,62,11672,0,0,376033,0
model,hash_diff_1,uuid,10000,c2_slotted,20,1143223,1202483,1142000,1201000,49692,124,187988,0,0,1113180,0
model,hash_diff_1,uuid,10000,crit_bit,20,190589,208598,189000,207000,76668,86,16126,0,0,3760753,0
model,hash_diff_1,uuid,50000,c2_slotted,20,1649192,1705462,1646000,1705000,193076,160,255062,0,0,5547342,0
model,hash_diff_1,uuid,50000,crit_bit,20,240468,261759,238000,259000,329648,86,16278,0,0,18786825,0
model,hash_diff_1,uuid,100000,c2_slotted,20,1791721,1932821,1791000,1930000,373004,160,259516,0,0,11101162,0
model,hash_diff_1,uuid,100000,crit_bit,20,322279,372788,320000,369000,646628,104,19536,0,0,37549580,0
model,hash_diff_10,composite,1000,c2_slotted,20,2029219,2286889,2029000,2287000,17468,232,265574,0,0,117006,0
model,hash_diff_10,composite,1000,crit_bit,20,1236544,1374623,1236000,1374000,19904,434,93856,0,0,423215,0
model,hash_diff_10,composite,10000,c2_slotted,20,5951109,6321688,5951000,6321000,52152,654,810198,0,0,1145868,0
model,hash_diff_10,composite,10000,crit_bit,20,1992100,2460828,1990000,2437000,79324,632,137400,0,0,4233699,0
model,hash_diff_10,composite,50000,c2_slotted,20,8848526,9062534,8847000,9063000,205644,926,1214554,0,0,5734258,0
model,hash_diff_10,composite,100000,c2_slotted,20,10380358,11649182,10378000,11628000,393272,1030,1406236,0,0,11468707,0
model,hash_diff_10,integer,1000,c2_slotted,20,1774961,1810461,1775000,1811000,17380,204,216718,0,0,94541,0
model,hash_diff_10,integer,1000,crit_bit,20,987944,1048005,987000,1046000,19688,374,53706,0,0,326138,0
model,hash_diff_10,integer,10000,c2_slotted,20,7023935,7286603,7024000,7287000,49424,844,915386,0,0,942143,0
model,hash_diff_10,integer,10000,crit_bit,20,1751401,2171039,1749000,2169000,75108,596,84376,0,0,3268216,0
model,hash_diff_10,integer,50000,c2_slotted,20,9968831,10573187,9968000,10574000,190588,1080,1300504,0,0,4704661,0
model,hash_diff_10,integer,50000,crit_bit,20,2510438,2620447,2510000,2619000,320908,788,110840,0,0,16344388,0
model,hash_diff_10,integer,100000,c2_slotted,20,11324873,11973880,11324000,11974000,367028,1178,1481562,0,0,9415333,0
model,hash_diff_10,integer,100000,crit_bit,20,2801145,2942065,2798000,2941000,628392,824,116194,0,0,32858949,0
model,hash_diff_10,text,1000,c2_slotted,20,1968860,1994170,1969000,1995000,17256,230,224870,0,0,97616,0
model,hash_diff_10,text,1000,crit_bit,20,1102524,1144895,1101000,1140000,19772,410,61896,0,0,340064,0
model,hash_diff_10,text,10000,c2_slotted,20,6214308,6372109,6214000,6370000,49976,718,749490,0,0,970785,0
model,hash_diff_10,text,10000,crit_bit,20,1941210,2197159,1939000,2196000,75708,656,98258,0,0,3422337,0
model,hash_diff_10,text,50000,c2_slotted,20,9816700,11809721,9802000,11788000,194964,966,1096066,0,0,4852645,0
model,hash_diff_10,text,50000,crit_bit,20,2734176,2883485,2733000,2883000,325220,842,126454,0,0,17202615,0
model,hash_diff_10,text,100000,c2_slotted,20,11912870,13240044,11913000,13240000,371520,1076,1235916,0,0,9702123,0
model,hash_diff_10,text,100000,crit_bit,20,2825055,2941394,2824000,2921000,636440,824,124128,0,0,34427666,0
model,hash_diff_10,uuid,1000,c2_slotted,20,1946900,2047999,1946000,2048000,16940,218,255858,0,0,112220,0
model,hash_diff_10,uuid,1000,crit_bit,20,712766,780476,711000,779000,19624,410,76436,0,0,376033,0
model,hash_diff_10,uuid,10000,c2_slotted,20,6040760,6738876,6041000,6737000,49692,694,870198,0,0,1113180,0
model,hash_diff_10,uuid,10000,crit_bit,20,1139185,1294434,1138000,1292000,76668,638,119476,0,0,3760753,0
model,hash_diff_10,uuid,50000,c2_slotted,20,9237723,10042690,9235000,10041000,193076,972,1394698,0,0,5547342,0
model,hash_diff_10,uuid,50000,crit_bit,20,1538132,1644521,1536000,1643000,329648,776,145898,0,0,18786825,0
model,hash_diff_10,uuid,100000,c2_slotted,20,11361983,11632932,11361000,11623000,373004,1146,1687392,0,0,11101162,0
model,hash_diff_10,uuid,100000,crit_bit,20,1672262,1924460,1671000,1924000,646628,782,147128,0,0,37549580,0
model,hash_diff_1pct,composite,1000,c2_slotted,20,2038700,2066730,2039000,2067000,17468,232,265574,0,0,117006,0
model,hash_diff_1pct,composite,1000,crit_bit,20,1242104,1299773,1240000,1298000,19904,434,93856,0,0,423215,0
model,hash_diff_1pct,composite,10000,c2_slotted,20,19589970,20449987,19576000,20430000,52152,2062,2438288,0,0,1145868,0
model,hash_diff_1pct,composite,10000,crit_bit,20,13282713,13755030,13274000,13755000,79324,4358,934910,0,0,4233699,0
model,hash_diff_1pct,composite,50000,c2_slotted,20,103146182,108048666,103129000,108027000,205644,10556,12429842,0,0,5734258,0
model,hash_diff_1pct,composite,100000,c2_slotted,20,211404507,221512315,211407000,221451000,393272,21296,25108129,0,0,11468707,0
model,hash_diff_1pct,integer,1000,c2_slotted,20,1767271,1798841,1768000,1799000,17380,204,216718,0,0,94541,0
model,hash_diff_1pct,integer,1000,crit_bit,20,992915,1071165,992000,1069000,19688,374,53706,0,0,326138,0
model,hash_diff_1pct,integer,10000,c2_slotted,20,17837420,18192658,17837000,18193000,49424,1992,2159326,0,0,942143,0
model,hash_diff_1pct,integer,10000,crit_bit,20,12006909,13201973,12006000,13182000,75108,4250,608954,0,0,3268216,0
model,hash_diff_1pct,integer,50000,c2_slotted,20,92748234,94556105,92750000,94543000,190588,9806,10682386,0,0,4704661,0
model,hash_diff_1pct,integer,50000,crit_bit,20,62135539,65489541,62135000,65469000,320908,21460,3075334,0,0,16344388,0
model,hash_diff_1pct,integer,100000,c2_slotted,20,189005461,192069646,188968000,192014000,367028,19724,21510636,0,0,9415333,0
model,hash_diff_1pct,integer,100000,crit_bit,20,127919166,132664218,127919000,132620000,628392,42782,6173090,0,0,32858949,0
model,hash_diff_1pct,text,1000,c2_slotted,20,1963160,1980379,1963000,1981000,17256,230,224870,0,0,97616,0
model,hash_diff_1pct,text,1000,crit_bit,20,1073544,1204264,1072000,1203000,19772,410,61896,0,0,340064,0
model,hash_diff_1pct,text,10000,c2_slotted,20,19207513,20070470,19207000,20071000,49976,2182,2204439,0,0,970785,0
model,hash_diff_1pct,text,10000,crit_bit,20,12947085,13579382,12947000,13559000,75708,4598,696954,0,0,3422337,0
model,hash_diff_1pct,text,50000,c2_slotted,20,102354944,113502399,102305000,113438000,194964,10680,10806402,0,0,4852645,0
model,hash_diff_1pct,text,50000,crit_bit,20,67270590,69698227,67232000,69699000,325220,22792,3479656,0,0,17202615,0
model,hash_diff_1pct,text,100000,c2_slotted,20,208690370,216620351,208649000,216558000,371520,21460,21715053,0,0,9702123,0
model,hash_diff_1pct,text,100000,crit_bit,20,136126591,146519639,136106000,146501000,636440,45338,6929194,0,0,34427666,0
model,hash_diff_1pct,uuid,1000,c2_slotted,20,1937659,1983651,1936000,1984000,16940,218,255858,0,0,112220,0
model,hash_diff_1pct,uuid,1000,crit_bit,20,704666,764657,704000,764000,19624,410,76436,0,0,376033,0
model,hash_diff_1pct,uuid,10000,c2_slotted,20,19147993,19917409,19148000,19917000,49692,2108,2543944,0,0,1113180,0
model,hash_diff_1pct,uuid,10000,crit_bit,20,8144809,8274428,8145000,8273000,76668,4352,810780,0,0,3760753,0
model,hash_diff_1pct,uuid,50000,c2_slotted,20,98952614,101620029,98938000,101621000,193076,10292,12515462,0,0,5547342,0
model,hash_diff_1pct,uuid,50000,crit_bit,20,43518530,45880387,43518000,45881000,329648,22180,4131070,0,0,18786825,0
model,hash_diff_1pct,uuid,100000,c2_slotted,20,203190229,209616576,203127000,209569000,373004,20778,25175766,0,0,11101162,0
model,hash_diff_1pct,uuid,100000,crit_bit,20,89411287,97664786,89395000,97621000,646628,44666,8316788,0,0,37549580,0
model,insert,composite,1000,crit_bit,20,179770,193338,179000,193000,19904,9,2038,10,2242,423637,0
model,insert,composite,10000,crit_bit,20,178539,210469,178000,210000,79324,7,1584,8,1788,4234121,0
model,insert,integer,1000,crit_bit,20,32820,42850,33000,42000,19688,1,137,2,329,326467,0
model,insert,integer,10000,crit_bit,20,57791,63770,58000,62000,75108,1,137,2,326,3268542,0
model,insert,integer,50000,crit_bit,20,66610,80720,65000,78000,320908,1,137,2,330,16344718,0
model,insert,integer,100000,crit_bit,20,71620,85430,70000,84000,628392,1,139,2,332,32859281,0
model,insert,text,1000,crit_bit,20,33300,41709,34000,42000,19772,1,142,2,342,340406,0
model,insert,text,10000,crit_bit,20,56399,64969,56000,64000,75708,1,147,2,343,3422680,0
model,insert,text,50000,crit_bit,20,67699,90049,67000,88000,325220,1,144,2,346,17202961,0
model,insert,text,100000,crit_bit,20,75410,86461,74000,85000,636440,1,145,2,347,34428013,0
model,insert,uuid,1000,crit_bit,20,116369,128949,116000,129000,19624,9,1709,10,1878,376408,0
model,insert,uuid,10000,crit_bit,20,212639,226559,212000,225000,76668,14,2642,15,2827,3761128,0
model,insert,uuid,50000,crit_bit,20,293439,336818,292000,335000,329648,16,3037,17,3209,18787203,0
model,insert,uuid,100000,crit_bit,20,308147,346527,307000,345000,646628,17,3193,18,3413,37549953,0
model,insert_rebuild_model,composite,1000,c2_slotted,20,1651142,1736892,1651000,1737000,17468,0,0,3,3428,117131,0
model,insert_rebuild_model,composite,10000,c2_slotted,20,16125090,16746526,16127000,16747000,52152,0,0,4,4842,1145930,0
model,insert_rebuild_model,composite,50000,c2_slotted,20,84676403,90692125,84655000,90673000,205644,0,0,12,14400,5734573,0
model,insert_rebuild_model,composite,100000,c2_slotted,20,171401889,183770765,171389000,183739000,393272,0,0,6,7720,11468844,0
model,insert_rebuild_model,integer,1000,c2_slotted,20,1382283,1416683,1383000,1417000,17380,0,0,3,2655,94609,0
model,insert_rebuild_model,integer,10000,c2_slotted,20,13501093,14237089,13501000,14237000,49424,0,0,3,1581,942264,0
model,insert_rebuild_model,integer,50000,c2_slotted,20,70347657,72677465,70349000,72679000,190588,0,0,4,1930,4704880,0
model,insert_rebuild_model,integer,100000,c2_slotted,20,140990213,157193591,140946000,157154000,367028,0,0,4,2963,9415426,0
model,insert_rebuild_model,text,1000,c2_slotted,20,1479324,1496432,1479000,1497000,17256,0,0,3,2428,97680,0
model,insert_rebuild_model,text,10000,c2_slotted,20,14493498,15009095,14494000,15009000,49976,0,0,3,1997,970899,0
model,insert_rebuild_model,text,50000,c2_slotted,20,77643250,80408146,77568000,80386000,194964,0,0,4,2585,4852722,0
model,insert_rebuild_model,text,100000,c2_slotted,20,153198569,164757901,153183000,164738000,371520,0,0,4,2807,9702207,0
model,insert_rebuild_model,uuid,1000,c2_slotted,20,1700802,2101529,1702000,2105000,16940,0,0,3,2495,112343,0
model,insert_rebuild_model,uuid,10000,c2_slotted,20,14985675,15863530,14986000,15864000,49692,0,0,3,4524,1113260,0
model,insert_rebuild_model,uuid,50000,c2_slotted,20,77280492,78817854,77264000,78820000,193076,0,0,5,7756,5547410,0
model,insert_rebuild_model,uuid,100000,c2_slotted,20,157592617,165713657,157574000,165652000,373004,0,0,4,6270,11101251,0
model,missing_point,composite,1000,c2_slotted,20,17620,22059,18000,22000,17468,3,3303,0,0,117006,0
model,missing_point,composite,1000,crit_bit,20,30980,31579,31000,32000,19904,13,2878,0,0,423215,0
model,missing_point,composite,10000,c2_slotted,20,25600,26540,26000,27000,52152,4,4780,0,0,1145868,0
model,missing_point,composite,10000,crit_bit,20,40710,46889,41000,47000,79324,14,3084,0,0,4233699,0
model,missing_point,composite,50000,c2_slotted,20,30850,34210,31000,34000,205644,4,4941,0,0,5734258,0
model,missing_point,composite,100000,c2_slotted,20,45749,53110,46000,53000,393272,4,5393,0,0,11468707,0
model,missing_point,integer,1000,c2_slotted,20,14020,14250,14000,15000,17380,3,2587,0,0,94541,0
model,missing_point,integer,1000,crit_bit,20,24450,25880,24000,26000,19688,11,1549,0,0,326138,0
model,missing_point,integer,10000,c2_slotted,20,9971,10490,10000,11000,49424,3,1460,0,0,942143,0
model,missing_point,integer,10000,crit_bit,20,41140,46020,41000,46000,75108,15,2101,0,0,3268216,0
model,missing_point,integer,50000,c2_slotted,20,24160,26049,24000,26000,190588,4,2949,0,0,4704661,0
model,missing_point,integer,50000,crit_bit,20,53600,61809,54000,62000,320908,17,2383,0,0,16344388,0
model,missing_point,integer,100000,c2_slotted,20,23690,28230,24000,29000,367028,4,2870,0,0,9415333,0
model,missing_point,integer,100000,crit_bit,20,69770,74051,70000,74000,628392,18,2574,0,0,32858949,0
model,missing_point,text,1000,c2_slotted,20,15799,16370,16000,16000,17256,3,2364,0,0,97616,0
model,missing_point,text,1000,crit_bit,20,28109,35380,28000,35000,19772,13,1890,0,0,340064,0
model,missing_point,text,10000,c2_slotted,20,15300,22690,15000,22000,49976,3,1883,0,0,970785,0
model,missing_point,text,10000,crit_bit,20,42849,58210,43000,58000,75708,17,2475,0,0,3422337,0
model,missing_point,text,50000,c2_slotted,20,27910,32210,28000,33000,194964,4,2508,0,0,4852645,0
model,missing_point,text,50000,crit_bit,20,57809,63649,58000,64000,325220,20,2906,0,0,17202615,0
model,missing_point,text,100000,c2_slotted,20,31310,41440,31000,41000,371520,4,2723,0,0,9702123,0
model,missing_point,text,100000,crit_bit,20,70770,77939,71000,78000,636440,21,3051,0,0,34427666,0
model,missing_point,uuid,1000,c2_slotted,20,11180,21290,11000,21000,16940,3,2372,0,0,112220,0
model,missing_point,uuid,1000,crit_bit,20,9100,10330,9000,10000,19624,9,1709,0,0,376033,0
model,missing_point,uuid,10000,c2_slotted,20,18700,19700,19000,19000,49692,3,4444,0,0,1113180,0
model,missing_point,uuid,10000,crit_bit,20,21950,28830,21000,25000,76668,16,3000,0,0,3760753,0
model,missing_point,uuid,50000,c2_slotted,20,26260,33160,26000,33000,193076,4,6826,0,0,5547342,0
model,missing_point,uuid,50000,crit_bit,20,29460,32890,30000,33000,329648,16,3037,0,0,18786825,0
model,missing_point,uuid,100000,c2_slotted,20,30579,46420,30000,47000,373004,4,6181,0,0,11101162,0
model,missing_point,uuid,100000,crit_bit,20,37860,55839,38000,56000,646628,18,3397,0,0,37549580,0
model,mutate_1pct,composite,1000,c2_slotted,20,988025,1016764,988000,1017000,17468,13,16123,13,16123,117006,0
model,mutate_1pct,composite,1000,crit_bit,20,1156835,1188834,1157000,1188000,19904,79,17234,79,17234,423215,0
model,mutate_1pct,composite,10000,c2_slotted,20,9663901,10123359,9664000,10123000,52152,128,168180,128,168177,1145865,0
model,mutate_1pct,composite,10000,crit_bit,20,11845020,12095748,11845000,12093000,79324,793,170577,793,170583,4233705,0
model,mutate_1pct,composite,50000,c2_slotted,20,48803925,50974904,48787000,50977000,205644,645,843653,645,843645,5734250,0
model,mutate_1pct,composite,100000,c2_slotted,20,100404136,104358845,100387000,104337000,393272,1286,1681574,1286,1681570,11468703,0
model,mutate_1pct,integer,1000,c2_slotted,20,850826,881265,851000,881000,17380,12,14005,12,13973,94509,0
model,mutate_1pct,integer,1000,crit_bit,20,929385,985914,929000,986000,19688,69,9897,69,9897,326138,0
model,mutate_1pct,integer,10000,c2_slotted,20,8654007,8763166,8654000,8751000,49424,114,138507,114,138431,942067,0
model,mutate_1pct,integer,10000,crit_bit,20,11120945,11728900,11121000,11728000,75108,775,110668,775,110670,3268218,0
model,mutate_1pct,integer,50000,c2_slotted,20,43488022,46297957,43463000,46298000,190588,572,689657,572,689542,4704546,0
model,mutate_1pct,integer,50000,crit_bit,20,56791444,57874128,56770000,57856000,320908,3910,558063,3910,558068,16344393,0
model,mutate_1pct,integer,100000,c2_slotted,20,88335496,90545994,88316000,90531000,367028,1138,1379872,1138,1379757,9415218,0
model,mutate_1pct,integer,100000,crit_bit,20,115368339,118267031,115368000,118196000,628392,7797,1120614,7797,1120607,32858942,0
model,mutate_1pct,text,1000,c2_slotted,20,964865,1011655,964000,1003000,17256,14,15020,14,15020,97616,0
model,mutate_1pct,text,1000,crit_bit,20,1020954,1060944,1021000,1061000,19772,75,11330,75,11330,340064,0
model,mutate_1pct,text,10000,c2_slotted,20,9300373,10188538,9301000,10189000,49976,120,132521,120,132531,970795,0
model,mutate_1pct,text,10000,crit_bit,20,12032349,12349318,12032000,12350000,75708,833,126134,833,126133,3422336,0
model,mutate_1pct,text,50000,c2_slotted,20,47349693,49164073,47317000,49165000,194964,597,669439,597,669466,4852672,0
model,mutate_1pct,text,50000,crit_bit,20,60563714,63317919,60544000,63319000,325220,4132,629786,4132,629790,17202619,0
model,mutate_1pct,text,100000,c2_slotted,20,93464670,96395735,93426000,96386000,371520,1202,1341432,1202,1341492,9702183,0
model,mutate_1pct,text,100000,crit_bit,20,123129927,129732623,123113000,129687000,636440,8223,1254599,8223,1254602,34427669,0
model,mutate_1pct,uuid,1000,c2_slotted,20,985154,1268494,986000,1271000,16940,13,15956,13,15958,112222,0
model,mutate_1pct,uuid,1000,crit_bit,20,832266,861026,832000,861000,19624,75,13940,75,13940,376033,0
model,mutate_1pct,uuid,10000,c2_slotted,20,9290894,9769411,9291000,9749000,49692,117,160287,117,160273,1113166,0
model,mutate_1pct,uuid,10000,crit_bit,20,9445523,10609756,9446000,10611000,76668,792,147844,792,147845,3760754,0
model,mutate_1pct,uuid,50000,c2_slotted,20,45850909,46839504,45850000,46841000,193076,586,824195,586,824102,5547249,0
model,mutate_1pct,uuid,50000,crit_bit,20,49392310,51608969,49392000,51579000,329648,4030,750353,4030,750356,18786828,0
model,mutate_1pct,uuid,100000,c2_slotted,20,95667180,102154046,95636000,102116000,373004,1190,1657964,1190,1657875,11101073,0
model,mutate_1pct,uuid,100000,crit_bit,20,101454976,109129468,101434000,109089000,646628,8111,1509944,8111,1509940,37549576,0
model,point,composite,1000,c2_slotted,20,28950,36200,29000,36000,17468,3,4059,0,0,117006,0
model,point,composite,1000,crit_bit,20,43219,50700,42000,50000,19904,13,2877,0,0,423215,0
model,point,composite,10000,c2_slotted,20,61900,77649,60000,75000,52152,4,5348,0,0,1145868,0
model,point,composite,10000,crit_bit,20,62680,71260,62000,69000,79324,14,3081,0,0,4233699,0
model,point,composite,50000,c2_slotted,20,95590,133860,94000,132000,205644,4,5385,0,0,5734258,0
model,point,composite,100000,c2_slotted,20,124519,147809,123000,145000,393272,4,5612,0,0,11468707,0
model,point,integer,1000,c2_slotted,20,20530,26300,21000,27000,17380,3,3135,0,0,94541,0
model,point,integer,1000,crit_bit,20,31640,36889,31000,37000,19688,11,1550,0,0,326138,0
model,point,integer,10000,c2_slotted,20,42750,51679,41000,51000,49424,3,3305,0,0,942143,0
model,point,integer,10000,crit_bit,20,64710,97739,64000,96000,75108,15,2102,0,0,3268216,0
model,point,integer,50000,c2_slotted,20,108470,128769,107000,127000,190588,4,5865,0,0,4704661,0
model,point,integer,50000,crit_bit,20,99269,117099,97000,115000,320908,17,2381,0,0,16344388,0
model,point,integer,100000,c2_slotted,20,141909,171829,140000,160000,367028,4,5333,0,0,9415333,0
model,point,integer,100000,crit_bit,20,119820,129769,115000,127000,628392,18,2522,0,0,32858949,0
model,point,text,1000,c2_slotted,20,21560,22580,22000,23000,17256,3,2441,0,0,97616,0
model,point,text,1000,crit_bit,20,35800,43750,36000,43000,19772,13,1927,0,0,340064,0
model,point,text,10000,c2_slotted,20,59079,67901,58000,67000,49976,3,3468,0,0,970785,0
model,point,text,10000,crit_bit,20,72959,81430,72000,81000,75708,17,2535,0,0,3422337,0
model,point,text,50000,c2_slotted,20,104789,142419,102000,139000,194964,4,4132,0,0,4852645,0
model,point,text,50000,crit_bit,20,107119,126169,105000,124000,325220,20,2990,0,0,17202615,0
model,point,text,100000,c2_slotted,20,123849,152959,122000,151000,371520,4,4511,0,0,9702123,0
model,point,text,100000,crit_bit,20,128149,138440,126000,136000,636440,21,3142,0,0,34427666,0
model,point,uuid,1000,c2_slotted,20,28250,43121,28000,43000,16940,3,3209,0,0,112220,0
model,point,uuid,1000,crit_bit,20,18440,20880,18000,21000,19624,11,2069,0,0,376033,0
model,point,uuid,10000,c2_slotted,20,43950,51370,42000,51000,49692,3,4474,0,0,1113180,0
model,point,uuid,10000,crit_bit,20,40570,56450,40000,55000,76668,15,2827,0,0,3760753,0
model,point,uuid,50000,c2_slotted,20,90910,101320,89000,99000,193076,4,5517,0,0,5547342,0
model,point,uuid,50000,crit_bit,20,88661,101189,86000,98000,329648,16,3017,0,0,18786825,0
model,point,uuid,100000,c2_slotted,20,124749,151849,123000,149000,373004,4,6892,0,0,11101162,0
model,point,uuid,100000,crit_bit,20,99639,128599,98000,126000,646628,18,3376,0,0,37549580,0
model,range_100,composite,1000,c2_slotted,20,89370,104189,90000,104000,17468,13,15148,0,0,117006,0
model,range_100,composite,1000,crit_bit,20,485327,517487,486000,518000,19904,213,45219,0,0,423215,0
model,range_100,composite,10000,c2_slotted,20,96749,105970,97000,106000,52152,12,14293,0,0,1145868,0
model,range_100,composite,10000,crit_bit,20,539687,552947,540000,553000,79324,214,45448,0,0,4233699,0
model,range_100,composite,50000,c2_slotted,20,126609,133789,127000,134000,205644,16,17500,0,0,5734258,0
model,range_100,composite,100000,c2_slotted,20,146619,171279,147000,171000,393272,15,18522,0,0,11468707,0
model,range_100,integer,1000,c2_slotted,20,76860,85091,77000,85000,17380,12,12493,0,0,94541,0
model,range_100,integer,1000,crit_bit,20,464687,476847,465000,477000,19688,210,34035,0,0,326138,0
model,range_100,integer,10000,c2_slotted,20,83199,92140,83000,92000,49424,11,12510,0,0,942143,0
model,range_100,integer,10000,crit_bit,20,519387,552077,519000,552000,75108,212,34332,0,0,3268216,0
model,range_100,integer,50000,c2_slotted,20,99589,107409,100000,108000,190588,13,13503,0,0,4704661,0
model,range_100,integer,50000,crit_bit,20,552217,585227,552000,586000,320908,212,34335,0,0,16344388,0
model,range_100,integer,100000,c2_slotted,20,121649,136379,122000,136000,367028,12,14508,0,0,9415333,0
model,range_100,integer,100000,crit_bit,20,643237,696087,643000,696000,628392,217,35009,0,0,32858949,0
model,range_100,text,1000,c2_slotted,20,85349,92310,86000,92000,17256,14,12806,0,0,97616,0
model,range_100,text,1000,crit_bit,20,474719,530768,473000,531000,19772,213,35905,0,0,340064,0
model,range_100,text,10000,c2_slotted,20,101530,122290,101000,122000,49976,11,13353,0,0,970785,0
model,range_100,text,10000,crit_bit,20,522087,545467,523000,546000,75708,217,36727,0,0,3422337,0
model,range_100,text,50000,c2_slotted,20,136500,181920,138000,182000,194964,14,13646,0,0,4852645,0
model,range_100,text,50000,crit_bit,20,576797,642186,577000,642000,325220,217,36946,0,0,17202615,0
model,range_100,text,100000,c2_slotted,20,124029,147319,124000,147000,371520,13,13442,0,0,9702123,0
model,range_100,text,100000,crit_bit,20,664607,743137,665000,743000,636440,221,37525,0,0,34427666,0
model,range_100,uuid,1000,c2_slotted,20,79490,90210,80000,90000,16940,11,13980,0,0,112220,0
model,range_100,uuid,1000,crit_bit,20,393797,413798,394000,414000,19624,208,39112,0,0,376033,0
model,range_100,uuid,10000,c2_slotted,20,97619,105889,98000,106000,49692,14,16053,0,0,1113180,0
model,range_100,uuid,10000,crit_bit,20,453417,478617,454000,479000,76668,212,39874,0,0,3760753,0
model,range_100,uuid,50000,c2_slotted,20,107379,118309,107000,118000,193076,13,16928,0,0,5547342,0
model,range_100,uuid,50000,crit_bit,20,498828,546627,499000,547000,329648,216,40553,0,0,18786825,0
model,range_100,uuid,100000,c2_slotted,20,120089,134260,120000,135000,373004,14,17217,0,0,11101162,0
model,range_100,uuid,100000,crit_bit,20,546398,647676,546000,647000,646628,218,40945,0,0,37549580,0
model,update_one,composite,1000,c2_slotted,20,371618,405468,372000,405000,17468,3,4059,3,4059,117006,0
model,update_one,composite,1000,crit_bit,20,214088,239029,214000,239000,19904,13,2877,13,2877,423215,0
model,update_one,composite,10000,c2_slotted,20,642487,698606,642000,699000,52152,4,5348,4,5348,1145868,0
model,update_one,composite,10000,crit_bit,20,285019,314638,285000,313000,79324,14,3081,14,3081,4233699,0
model,update_one,composite,50000,c2_slotted,20,696666,778456,695000,745000,205644,4,5385,4,5385,5734258,0
model,update_one,composite,100000,c2_slotted,20,830046,867795,828000,866000,393272,4,5612,4,5612,11468707,0
model,update_one,integer,1000,c2_slotted,20,397088,520137,397000,521000,17380,3,3135,3,3135,94541,0
model,update_one,integer,1000,crit_bit,20,165569,206869,165000,206000,19688,11,1550,11,1550,326138,0
model,update_one,integer,10000,c2_slotted,20,519997,552398,520000,552000,49424,3,3305,3,3305,942143,0
model,update_one,integer,10000,crit_bit,20,293669,323788,293000,323000,75108,15,2102,15,2102,3268216,0
model,update_one,integer,50000,c2_slotted,20,1094085,1129885,1093000,1128000,190588,4,5865,4,5865,4704661,0
model,update_one,integer,50000,crit_bit,20,350969,375949,349000,374000,320908,17,2381,17,2381,16344388,0
model,update_one,integer,100000,c2_slotted,20,1100804,1126264,1098000,1124000,367028,4,5333,4,5333,9415333,0
model,update_one,integer,100000,crit_bit,20,394548,425748,392000,424000,628392,18,2522,18,2522,32858949,0
model,update_one,text,1000,c2_slotted,20,285687,302119,286000,302000,17256,3,2441,3,2441,97616,0
model,update_one,text,1000,crit_bit,20,192840,216999,193000,217000,19772,13,1927,13,1927,340064,0
model,update_one,text,10000,c2_slotted,20,544217,603246,542000,603000,49976,3,3468,3,3468,970785,0
model,update_one,text,10000,crit_bit,20,321599,348478,320000,349000,75708,17,2535,17,2535,3422337,0
model,update_one,text,50000,c2_slotted,20,778806,860326,777000,858000,194964,4,4132,4,4132,4852645,0
model,update_one,text,50000,crit_bit,20,409727,437618,408000,435000,325220,20,2990,20,2990,17202615,0
model,update_one,text,100000,c2_slotted,20,810756,863815,809000,863000,371520,4,4511,4,4511,9702123,0
model,update_one,text,100000,crit_bit,20,461367,502167,460000,501000,636440,21,3142,21,3142,34427666,0
model,update_one,uuid,1000,c2_slotted,20,336789,417108,337000,418000,16940,3,3209,3,3209,112220,0
model,update_one,uuid,1000,crit_bit,20,122030,136090,122000,136000,19624,11,2069,11,2069,376033,0
model,update_one,uuid,10000,c2_slotted,20,522707,582987,522000,581000,49692,3,4474,3,4474,1113180,0
model,update_one,uuid,10000,crit_bit,20,230638,277588,230000,277000,76668,15,2827,15,2827,3760753,0
model,update_one,uuid,50000,c2_slotted,20,739507,884875,738000,883000,193076,4,5517,4,5517,5547342,0
model,update_one,uuid,50000,crit_bit,20,286398,316669,284000,316000,329648,16,3017,16,3017,18786825,0
model,update_one,uuid,100000,c2_slotted,20,977065,1007365,973000,1006000,373004,4,6892,4,6892,11101162,0
model,update_one,uuid,100000,crit_bit,20,332558,374868,331000,373000,646628,18,3376,18,3376,37549580,0
# oltp_wall_geomean_ratio=1.007607 delta_percent=0.761 cells=56
# vcs_wall_geomean_ratio=0.326987 delta_percent=-67.301 cells=42
